lines,tokens,occurrences
89,225,2,8,D:\project\workspace_me14\Anynote\src\domain\TodoCategory.java,8,D:\project\workspace_me14\Anynote\src\domain\AccountCategory.java
82,202,3,59,D:\project\workspace_me14\Anynote\src\domain\Feed.java,81,D:\project\workspace_me14\Anynote\src\domain\Document.java,37,D:\project\workspace_me14\Anynote\src\domain\Album.java
51,153,4,78,D:\project\workspace_me14\Anynote\src\domain\Todo.java,50,D:\project\workspace_me14\Anynote\src\domain\Note.java,69,D:\project\workspace_me14\Anynote\src\domain\FeedFavorite.java,105,D:\project\workspace_me14\Anynote\src\domain\Account.java
62,152,6,57,D:\project\workspace_me14\Anynote\src\domain\UserMeta.java,35,D:\project\workspace_me14\Anynote\src\domain\TodoCategory.java,79,D:\project\workspace_me14\Anynote\src\domain\Picture.java,46,D:\project\workspace_me14\Anynote\src\domain\NoteCategory.java,79,D:\project\workspace_me14\Anynote\src\domain\Feed.java,35,D:\project\workspace_me14\Anynote\src\domain\AccountBook.java
49,151,2,57,D:\project\workspace_me14\Anynote\src\domain\UserMeta.java,78,D:\project\workspace_me14\Anynote\src\domain\Todo.java
19,143,2,27,D:\project\workspace_me14\Anynote\src\action\LoginAction.java,104,D:\project\workspace_me14\Anynote\src\action\LoginAction.java
11,138,2,189,D:\project\workspace_me14\Anynote\src\service\impl\UserServiceImpl.java,303,D:\project\workspace_me14\Anynote\src\service\impl\UserServiceImpl.java
19,131,2,203,D:\project\workspace_me14\Anynote\src\service\impl\AccountServiceImpl.java,230,D:\project\workspace_me14\Anynote\src\service\impl\AccountServiceImpl.java
16,126,2,238,D:\project\workspace_me14\Anynote\src\action\AccountAction.java,268,D:\project\workspace_me14\Anynote\src\action\AccountAction.java
12,122,2,6,D:\project\workspace_me14\Anynote\src\global\comparator\TypeComparator.java,6,D:\project\workspace_me14\Anynote\src\global\comparator\NameComparator.java
29,116,2,33,D:\project\workspace_me14\Anynote\src\util\ImageUtils.java,72,D:\project\workspace_me14\Anynote\src\util\ImageUtils.java
20,113,2,232,D:\project\workspace_me14\Anynote\src\action\TodoAction.java,282,D:\project\workspace_me14\Anynote\src\action\TodoAction.java
11,113,2,6,D:\project\workspace_me14\Anynote\src\global\comparator\TypeComparator.java,6,D:\project\workspace_me14\Anynote\src\global\comparator\SizeComparator.java
18,110,2,42,D:\project\workspace_me14\Anynote\src\service\impl\AccountServiceImpl.java,62,D:\project\workspace_me14\Anynote\src\service\impl\AccountServiceImpl.java
15,106,2,217,D:\project\workspace_me14\Anynote\src\action\TodoAction.java,267,D:\project\workspace_me14\Anynote\src\action\TodoAction.java
17,104,2,43,D:\project\workspace_me14\Anynote\src\service\impl\AccountServiceImpl.java,205,D:\project\workspace_me14\Anynote\src\service\impl\AccountServiceImpl.java
20,102,2,63,D:\project\workspace_me14\Anynote\src\action\FeedFavoriteAction.java,125,D:\project\workspace_me14\Anynote\src\action\FeedAction.java
42,102,2,77,D:\project\workspace_me14\Anynote\src\domain\UserMeta.java,144,D:\project\workspace_me14\Anynote\src\domain\User.java
33,101,2,144,D:\project\workspace_me14\Anynote\src\domain\User.java,94,D:\project\workspace_me14\Anynote\src\domain\Todo.java
16,97,2,38,D:\project\workspace_me14\Anynote\src\action\AccountAction.java,155,D:\project\workspace_me14\Anynote\src\action\AccountAction.java
15,85,2,49,D:\project\workspace_me14\Anynote\src\action\TodoAction.java,60,D:\project\workspace_me14\Anynote\src\action\AccountCategoryAction.java
17,79,2,72,D:\project\workspace_me14\Anynote\src\action\TodoCategoryAction.java,90,D:\project\workspace_me14\Anynote\src\action\NoteCategoryAction.java
9,76,2,176,D:\project\workspace_me14\Anynote\src\action\TodoAction.java,187,D:\project\workspace_me14\Anynote\src\action\TodoAction.java
9,76,2,153,D:\project\workspace_me14\Anynote\src\service\impl\TodoServiceImpl.java,175,D:\project\workspace_me14\Anynote\src\service\impl\TodoServiceImpl.java
9,74,2,125,D:\project\workspace_me14\Anynote\src\action\PictureAction.java,225,D:\project\workspace_me14\Anynote\src\action\DocumentAction.java
12,74,2,216,D:\project\workspace_me14\Anynote\src\action\TodoAction.java,231,D:\project\workspace_me14\Anynote\src\action\TodoAction.java
13,74,2,88,D:\project\workspace_me14\Anynote\src\service\impl\FeedServiceImpl.java,111,D:\project\workspace_me14\Anynote\src\service\impl\FeedServiceImpl.java
8,72,2,209,D:\project\workspace_me14\Anynote\src\action\TodoAction.java,259,D:\project\workspace_me14\Anynote\src\action\TodoAction.java
14,71,2,184,D:\project\workspace_me14\Anynote\src\action\DocumentAction.java,53,D:\project\workspace_me14\Anynote\src\action\AlbumAction.java
9,70,2,70,D:\project\workspace_me14\Anynote\src\action\DocumentAction.java,87,D:\project\workspace_me14\Anynote\src\action\DocumentAction.java
15,70,2,102,D:\project\workspace_me14\Anynote\src\action\PictureAction.java,202,D:\project\workspace_me14\Anynote\src\action\DocumentAction.java
16,70,2,210,D:\project\workspace_me14\Anynote\src\util\ImageUtils.java,282,D:\project\workspace_me14\Anynote\src\util\ImageUtils.java
28,69,2,10,D:\project\workspace_me14\Anynote\src\domain\TodoCategory.java,11,D:\project\workspace_me14\Anynote\src\domain\NoteCategory.java
7,68,2,98,D:\project\workspace_me14\Anynote\src\service\impl\NoteServiceImpl.java,110,D:\project\workspace_me14\Anynote\src\service\impl\NoteServiceImpl.java
9,67,2,82,D:\project\workspace_me14\Anynote\src\action\FeedAction.java,144,D:\project\workspace_me14\Anynote\src\action\FeedAction.java
10,66,2,52,D:\project\workspace_me14\Anynote\src\service\impl\UserMetaServiceImpl.java,80,D:\project\workspace_me14\Anynote\src\service\impl\UserMetaServiceImpl.java
11,65,2,232,D:\project\workspace_me14\Anynote\src\action\TodoAction.java,267,D:\project\workspace_me14\Anynote\src\action\TodoAction.java
15,64,2,189,D:\project\workspace_me14\Anynote\src\action\NoteAction.java,111,D:\project\workspace_me14\Anynote\src\action\FeedAction.java
11,63,3,43,D:\project\workspace_me14\Anynote\src\action\AccountAction.java,258,D:\project\workspace_me14\Anynote\src\action\AccountAction.java,288,D:\project\workspace_me14\Anynote\src\action\AccountAction.java
7,63,2,98,D:\project\workspace_me14\Anynote\src\service\impl\NoteServiceImpl.java,122,D:\project\workspace_me14\Anynote\src\service\impl\NoteServiceImpl.java
7,63,2,101,D:\project\workspace_me14\Anynote\src\service\impl\UserServiceImpl.java,124,D:\project\workspace_me14\Anynote\src\service\impl\UserServiceImpl.java
14,62,2,101,D:\project\workspace_me14\Anynote\src\action\NoteAction.java,72,D:\project\workspace_me14\Anynote\src\action\FeedFavoriteAction.java
8,62,2,142,D:\project\workspace_me14\Anynote\src\action\PictureAction.java,192,D:\project\workspace_me14\Anynote\src\action\PictureAction.java
10,62,2,244,D:\project\workspace_me14\Anynote\src\util\DateUtils.java,276,D:\project\workspace_me14\Anynote\src\util\DateUtils.java
8,61,2,197,D:\project\workspace_me14\Anynote\src\action\AccountAction.java,244,D:\project\workspace_me14\Anynote\src\action\AccountAction.java
12,61,2,74,D:\project\workspace_me14\Anynote\src\action\FeedFavoriteAction.java,121,D:\project\workspace_me14\Anynote\src\action\AccountAction.java
11,61,2,40,D:\project\workspace_me14\Anynote\src\action\FeedFavoriteAction.java,43,D:\project\workspace_me14\Anynote\src\action\AccountAction.java
12,61,2,103,D:\project\workspace_me14\Anynote\src\action\NoteAction.java,121,D:\project\workspace_me14\Anynote\src\action\AccountAction.java
11,61,4,52,D:\project\workspace_me14\Anynote\src\action\UserAction.java,53,D:\project\workspace_me14\Anynote\src\action\PictureAction.java,62,D:\project\workspace_me14\Anynote\src\action\NoteAction.java,40,D:\project\workspace_me14\Anynote\src\action\FeedFavoriteAction.java
6,61,2,162,D:\project\workspace_me14\Anynote\src\service\impl\AccountServiceImpl.java,185,D:\project\workspace_me14\Anynote\src\service\impl\AccountServiceImpl.java
11,60,2,65,D:\project\workspace_me14\Anynote\src\com\sxkl\sign\in\action\SignInAction.java,337,D:\project\workspace_me14\Anynote\src\action\TodoAction.java
14,59,2,91,D:\project\workspace_me14\Anynote\src\action\AccountCategoryAction.java,75,D:\project\workspace_me14\Anynote\src\action\AccountBookAction.java
13,59,3,90,D:\project\workspace_me14\Anynote\src\action\NoteCategoryAction.java,73,D:\project\workspace_me14\Anynote\src\action\FeedAction.java,184,D:\project\workspace_me14\Anynote\src\action\DocumentAction.java
9,59,2,337,D:\project\workspace_me14\Anynote\src\action\TodoAction.java,53,D:\project\workspace_me14\Anynote\src\action\PictureAction.java
13,59,2,72,D:\project\workspace_me14\Anynote\src\action\TodoCategoryAction.java,112,D:\project\workspace_me14\Anynote\src\action\TodoAction.java
9,59,2,65,D:\project\workspace_me14\Anynote\src\com\sxkl\sign\in\action\SignInAction.java,52,D:\project\workspace_me14\Anynote\src\action\UserAction.java
12,58,2,73,D:\project\workspace_me14\Anynote\src\action\TodoCategoryAction.java,93,D:\project\workspace_me14\Anynote\src\action\AccountCategoryAction.java
12,58,2,69,D:\project\workspace_me14\Anynote\src\action\UserMetaAction.java,85,D:\project\workspace_me14\Anynote\src\action\PictureAction.java
13,58,2,306,D:\project\workspace_me14\Anynote\src\util\DateUtils.java,340,D:\project\workspace_me14\Anynote\src\util\DateUtils.java
10,57,2,115,D:\project\workspace_me14\Anynote\src\action\TodoAction.java,87,D:\project\workspace_me14\Anynote\src\action\PictureAction.java
10,57,2,43,D:\project\workspace_me14\Anynote\src\action\TodoAction.java,331,D:\project\workspace_me14\Anynote\src\action\TodoAction.java
10,57,2,71,D:\project\workspace_me14\Anynote\src\action\UserMetaAction.java,75,D:\project\workspace_me14\Anynote\src\action\TodoCategoryAction.java
8,55,2,118,D:\project\workspace_me14\Anynote\src\action\PictureAction.java,24,D:\project\workspace_me14\Anynote\src\action\FileUploadAction.java
8,55,2,35,D:\project\workspace_me14\Anynote\src\action\UserMetaAction.java,60,D:\project\workspace_me14\Anynote\src\action\UserMetaAction.java
8,55,3,52,D:\project\workspace_me14\Anynote\src\global\VerifyCode.java,62,D:\project\workspace_me14\Anynote\src\global\VerifyCode.java,72,D:\project\workspace_me14\Anynote\src\global\VerifyCode.java
12,55,2,244,D:\project\workspace_me14\Anynote\src\util\DateUtils.java,307,D:\project\workspace_me14\Anynote\src\util\DateUtils.java
11,55,2,24,D:\project\workspace_me14\Anynote\src\util\ImageUtils.java,61,D:\project\workspace_me14\Anynote\src\util\ImageUtils.java
6,54,2,136,D:\project\workspace_me14\Anynote\src\action\PictureAction.java,186,D:\project\workspace_me14\Anynote\src\action\PictureAction.java
10,53,2,80,D:\project\workspace_me14\Anynote\src\action\NoteAction.java,57,D:\project\workspace_me14\Anynote\src\action\FeedFavoriteAction.java
12,53,2,37,D:\project\workspace_me14\Anynote\src\action\NoteCategoryAction.java,36,D:\project\workspace_me14\Anynote\src\action\AccountCategoryAction.java
19,53,2,30,D:\project\workspace_me14\Anynote\src\domain\Todo.java,26,D:\project\workspace_me14\Anynote\src\domain\Note.java
17,52,2,17,D:\project\workspace_me14\Anynote\src\domain\TodoCategory.java,32,D:\project\workspace_me14\Anynote\src\domain\Todo.java
23,52,2,57,D:\project\workspace_me14\Anynote\src\domain\UserMeta.java,114,D:\project\workspace_me14\Anynote\src\domain\User.java
21,51,2,32,D:\project\workspace_me14\Anynote\src\domain\Todo.java,18,D:\project\workspace_me14\Anynote\src\domain\NoteCategory.java
9,50,2,73,D:\project\workspace_me14\Anynote\src\action\PictureAction.java,172,D:\project\workspace_me14\Anynote\src\action\DocumentAction.java
14,50,2,105,D:\project\workspace_me14\Anynote\src\service\impl\AccountServiceImpl.java,118,D:\project\workspace_me14\Anynote\src\service\impl\AccountServiceImpl.java
6,49,2,298,D:\project\workspace_me14\Anynote\src\action\AccountAction.java,314,D:\project\workspace_me14\Anynote\src\action\AccountAction.java
7,49,2,59,D:\project\workspace_me14\Anynote\src\action\LoginAction.java,74,D:\project\workspace_me14\Anynote\src\action\LoginAction.java
8,49,2,162,D:\project\workspace_me14\Anynote\src\action\TodoAction.java,186,D:\project\workspace_me14\Anynote\src\action\TodoAction.java
10,48,3,59,D:\project\workspace_me14\Anynote\src\action\NoteCategoryAction.java,61,D:\project\workspace_me14\Anynote\src\action\DocumentAction.java,60,D:\project\workspace_me14\Anynote\src\action\AccountCategoryAction.java
7,48,2,119,D:\project\workspace_me14\Anynote\src\action\PictureAction.java,219,D:\project\workspace_me14\Anynote\src\action\DocumentAction.java
10,48,2,49,D:\project\workspace_me14\Anynote\src\action\TodoAction.java,59,D:\project\workspace_me14\Anynote\src\action\NoteCategoryAction.java
5,48,2,153,D:\project\workspace_me14\Anynote\src\service\impl\TodoServiceImpl.java,162,D:\project\workspace_me14\Anynote\src\service\impl\AccountServiceImpl.java
6,47,2,75,D:\project\workspace_me14\Anynote\src\action\DocumentAction.java,265,D:\project\workspace_me14\Anynote\src\action\DocumentAction.java
9,47,2,54,D:\project\workspace_me14\Anynote\src\action\FeedAction.java,33,D:\project\workspace_me14\Anynote\src\action\AlbumAction.java
12,47,3,117,D:\project\workspace_me14\Anynote\src\action\NoteAction.java,134,D:\project\workspace_me14\Anynote\src\action\NoteAction.java,171,D:\project\workspace_me14\Anynote\src\action\NoteAction.java
9,46,2,58,D:\project\workspace_me14\Anynote\src\action\FeedFavoriteAction.java,95,D:\project\workspace_me14\Anynote\src\action\AccountAction.java
9,46,2,30,D:\project\workspace_me14\Anynote\src\action\UserMetaAction.java,71,D:\project\workspace_me14\Anynote\src\action\NoteCategoryAction.java
12,45,2,118,D:\project\workspace_me14\Anynote\src\action\AccountAction.java,135,D:\project\workspace_me14\Anynote\src\action\AccountAction.java
9,45,2,33,D:\project\workspace_me14\Anynote\src\action\AlbumAction.java,95,D:\project\workspace_me14\Anynote\src\action\AccountAction.java
12,45,2,152,D:\project\workspace_me14\Anynote\src\action\FeedAction.java,118,D:\project\workspace_me14\Anynote\src\action\AccountAction.java
9,45,2,58,D:\project\workspace_me14\Anynote\src\action\FeedFavoriteAction.java,54,D:\project\workspace_me14\Anynote\src\action\FeedAction.java
12,45,3,117,D:\project\workspace_me14\Anynote\src\action\NoteAction.java,154,D:\project\workspace_me14\Anynote\src\action\NoteAction.java,152,D:\project\workspace_me14\Anynote\src\action\FeedAction.java
9,45,2,71,D:\project\workspace_me14\Anynote\src\action\NoteCategoryAction.java,58,D:\project\workspace_me14\Anynote\src\action\FeedFavoriteAction.java
4,45,2,213,D:\project\workspace_me14\Anynote\src\action\TodoAction.java,228,D:\project\workspace_me14\Anynote\src\action\TodoAction.java
9,45,2,30,D:\project\workspace_me14\Anynote\src\action\UserMetaAction.java,52,D:\project\workspace_me14\Anynote\src\action\TodoCategoryAction.java
11,45,2,297,D:\project\workspace_me14\Anynote\src\util\DateUtils.java,330,D:\project\workspace_me14\Anynote\src\util\DateUtils.java
5,44,2,21,D:\project\workspace_me14\Anynote\src\action\FileUploadAction.java,62,D:\project\workspace_me14\Anynote\src\action\AlbumAction.java
11,44,2,101,D:\project\workspace_me14\Anynote\src\action\NoteAction.java,134,D:\project\workspace_me14\Anynote\src\action\FeedAction.java
7,44,2,70,D:\project\workspace_me14\Anynote\src\service\impl\UserMetaServiceImpl.java,95,D:\project\workspace_me14\Anynote\src\service\impl\UserMetaServiceImpl.java
9,43,2,136,D:\project\workspace_me14\Anynote\src\action\FeedAction.java,155,D:\project\workspace_me14\Anynote\src\action\FeedAction.java
10,43,2,89,D:\project\workspace_me14\Anynote\src\action\FeedFavoriteAction.java,152,D:\project\workspace_me14\Anynote\src\action\FeedAction.java
9,43,2,174,D:\project\workspace_me14\Anynote\src\action\NoteAction.java,74,D:\project\workspace_me14\Anynote\src\action\FeedFavoriteAction.java
10,43,2,154,D:\project\workspace_me14\Anynote\src\action\NoteAction.java,89,D:\project\workspace_me14\Anynote\src\action\FeedFavoriteAction.java
9,43,2,137,D:\project\workspace_me14\Anynote\src\action\NoteAction.java,74,D:\project\workspace_me14\Anynote\src\action\FeedFavoriteAction.java
10,43,2,117,D:\project\workspace_me14\Anynote\src\action\NoteAction.java,89,D:\project\workspace_me14\Anynote\src\action\FeedFavoriteAction.java
9,43,2,103,D:\project\workspace_me14\Anynote\src\action\NoteAction.java,120,D:\project\workspace_me14\Anynote\src\action\NoteAction.java
13,43,3,90,D:\project\workspace_me14\Anynote\src\action\TodoAction.java,153,D:\project\workspace_me14\Anynote\src\action\PictureAction.java,250,D:\project\workspace_me14\Anynote\src\action\DocumentAction.java
10,43,2,87,D:\project\workspace_me14\Anynote\src\action\TodoCategoryAction.java,91,D:\project\workspace_me14\Anynote\src\action\AccountBookAction.java
12,42,2,251,D:\project\workspace_me14\Anynote\src\action\DocumentAction.java,90,D:\project\workspace_me14\Anynote\src\action\AccountCategoryAction.java
5,42,2,32,D:\project\workspace_me14\Anynote\src\action\FileUploadAction.java,226,D:\project\workspace_me14\Anynote\src\action\DocumentAction.java
12,42,2,154,D:\project\workspace_me14\Anynote\src\action\PictureAction.java,90,D:\project\workspace_me14\Anynote\src\action\AccountCategoryAction.java
6,42,2,126,D:\project\workspace_me14\Anynote\src\action\PictureAction.java,32,D:\project\workspace_me14\Anynote\src\action\FileUploadAction.java
12,42,2,151,D:\project\workspace_me14\Anynote\src\action\TodoAction.java,74,D:\project\workspace_me14\Anynote\src\action\AccountBookAction.java
9,42,2,44,D:\project\workspace_me14\Anynote\src\com\sxkl\sign\in\action\SignInAction.java,101,D:\project\workspace_me14\Anynote\src\action\NoteAction.java
8,42,2,42,D:\project\workspace_me14\Anynote\src\global\VerifyCode.java,52,D:\project\workspace_me14\Anynote\src\global\VerifyCode.java
3,42,2,106,D:\project\workspace_me14\Anynote\src\service\impl\UserServiceImpl.java,130,D:\project\workspace_me14\Anynote\src\service\impl\UserServiceImpl.java
8,41,2,67,D:\project\workspace_me14\Anynote\src\action\AccountAction.java,146,D:\project\workspace_me14\Anynote\src\action\AccountAction.java
8,41,2,62,D:\project\workspace_me14\Anynote\src\action\AccountCategoryAction.java,46,D:\project\workspace_me14\Anynote\src\action\AccountAction.java
10,41,2,202,D:\project\workspace_me14\Anynote\src\action\DocumentAction.java,53,D:\project\workspace_me14\Anynote\src\action\AlbumAction.java
8,41,2,202,D:\project\workspace_me14\Anynote\src\action\DocumentAction.java,71,D:\project\workspace_me14\Anynote\src\action\AlbumAction.java
10,41,2,184,D:\project\workspace_me14\Anynote\src\action\DocumentAction.java,202,D:\project\workspace_me14\Anynote\src\action\DocumentAction.java
8,41,2,63,D:\project\workspace_me14\Anynote\src\action\DocumentAction.java,46,D:\project\workspace_me14\Anynote\src\action\AccountAction.java
10,41,2,73,D:\project\workspace_me14\Anynote\src\action\FeedAction.java,91,D:\project\workspace_me14\Anynote\src\action\FeedAction.java
7,41,2,74,D:\project\workspace_me14\Anynote\src\action\FeedFavoriteAction.java,92,D:\project\workspace_me14\Anynote\src\action\FeedFavoriteAction.java
8,41,2,43,D:\project\workspace_me14\Anynote\src\action\FeedFavoriteAction.java,63,D:\project\workspace_me14\Anynote\src\action\DocumentAction.java
6,41,2,25,D:\project\workspace_me14\Anynote\src\action\FileUploadAction.java,219,D:\project\workspace_me14\Anynote\src\action\DocumentAction.java
7,41,2,103,D:\project\workspace_me14\Anynote\src\action\NoteAction.java,92,D:\project\workspace_me14\Anynote\src\action\FeedFavoriteAction.java
9,41,2,81,D:\project\workspace_me14\Anynote\src\action\NoteAction.java,95,D:\project\workspace_me14\Anynote\src\action\AccountAction.java
7,41,2,72,D:\project\workspace_me14\Anynote\src\action\NoteAction.java,203,D:\project\workspace_me14\Anynote\src\action\NoteAction.java
8,41,2,65,D:\project\workspace_me14\Anynote\src\action\NoteAction.java,63,D:\project\workspace_me14\Anynote\src\action\DocumentAction.java
10,41,2,90,D:\project\workspace_me14\Anynote\src\action\NoteCategoryAction.java,91,D:\project\workspace_me14\Anynote\src\action\FeedAction.java
8,41,2,61,D:\project\workspace_me14\Anynote\src\action\NoteCategoryAction.java,65,D:\project\workspace_me14\Anynote\src\action\NoteAction.java
11,41,2,201,D:\project\workspace_me14\Anynote\src\action\PictureAction.java,38,D:\project\workspace_me14\Anynote\src\action\FileUploadAction.java
11,41,2,155,D:\project\workspace_me14\Anynote\src\action\PictureAction.java,75,D:\project\workspace_me14\Anynote\src\action\AccountBookAction.java
10,41,2,102,D:\project\workspace_me14\Anynote\src\action\PictureAction.java,90,D:\project\workspace_me14\Anynote\src\action\NoteCategoryAction.java
8,41,2,102,D:\project\workspace_me14\Anynote\src\action\PictureAction.java,71,D:\project\workspace_me14\Anynote\src\action\AlbumAction.java
8,41,2,56,D:\project\workspace_me14\Anynote\src\action\PictureAction.java,61,D:\project\workspace_me14\Anynote\src\action\NoteCategoryAction.java
9,41,2,55,D:\project\workspace_me14\Anynote\src\action\SettingAction.java,51,D:\project\workspace_me14\Anynote\src\action\LoginAction.java
10,41,5,112,D:\project\workspace_me14\Anynote\src\action\TodoAction.java,127,D:\project\workspace_me14\Anynote\src\action\TodoAction.java,243,D:\project\workspace_me14\Anynote\src\action\TodoAction.java,43,D:\project\workspace_me14\Anynote\src\action\SettingAction.java,102,D:\project\workspace_me14\Anynote\src\action\PictureAction.java
11,41,2,92,D:\project\workspace_me14\Anynote\src\action\TodoAction.java,152,D:\project\workspace_me14\Anynote\src\action\TodoAction.java
10,41,2,154,D:\project\workspace_me14\Anynote\src\action\UserAction.java,72,D:\project\workspace_me14\Anynote\src\action\TodoCategoryAction.java
8,41,2,55,D:\project\workspace_me14\Anynote\src\action\UserAction.java,51,D:\project\workspace_me14\Anynote\src\action\TodoAction.java
9,41,2,83,D:\project\workspace_me14\Anynote\src\action\UserMetaAction.java,106,D:\project\workspace_me14\Anynote\src\action\NoteCategoryAction.java
8,41,2,83,D:\project\workspace_me14\Anynote\src\action\UserMetaAction.java,87,D:\project\workspace_me14\Anynote\src\action\TodoCategoryAction.java
10,41,2,51,D:\project\workspace_me14\Anynote\src\action\UserMetaAction.java,154,D:\project\workspace_me14\Anynote\src\action\UserAction.java
7,41,2,45,D:\project\workspace_me14\Anynote\src\com\sxkl\sign\in\action\SignInAction.java,120,D:\project\workspace_me14\Anynote\src\action\NoteAction.java
6,40,3,214,D:\project\workspace_me14\Anynote\src\action\AccountAction.java,307,D:\project\workspace_me14\Anynote\src\action\AccountAction.java,322,D:\project\workspace_me14\Anynote\src\action\AccountAction.java
9,40,2,71,D:\project\workspace_me14\Anynote\src\action\AlbumAction.java,228,D:\project\workspace_me14\Anynote\src\action\AccountAction.java
9,40,2,74,D:\project\workspace_me14\Anynote\src\action\FeedAction.java,254,D:\project\workspace_me14\Anynote\src\action\DocumentAction.java
10,40,2,38,D:\project\workspace_me14\Anynote\src\action\FileUploadAction.java,74,D:\project\workspace_me14\Anynote\src\action\AccountBookAction.java
8,40,2,51,D:\project\workspace_me14\Anynote\src\action\LoginAction.java,307,D:\project\workspace_me14\Anynote\src\action\AccountAction.java
9,40,2,81,D:\project\workspace_me14\Anynote\src\action\NoteAction.java,54,D:\project\workspace_me14\Anynote\src\action\FeedAction.java
9,40,2,106,D:\project\workspace_me14\Anynote\src\action\NoteCategoryAction.java,71,D:\project\workspace_me14\Anynote\src\action\AlbumAction.java
8,40,2,106,D:\project\workspace_me14\Anynote\src\action\NoteCategoryAction.java,91,D:\project\workspace_me14\Anynote\src\action\AccountBookAction.java
9,40,2,91,D:\project\workspace_me14\Anynote\src\action\NoteCategoryAction.java,254,D:\project\workspace_me14\Anynote\src\action\DocumentAction.java
9,40,2,71,D:\project\workspace_me14\Anynote\src\action\NoteCategoryAction.java,81,D:\project\workspace_me14\Anynote\src\action\NoteAction.java
10,40,2,201,D:\project\workspace_me14\Anynote\src\action\PictureAction.java,74,D:\project\workspace_me14\Anynote\src\action\AccountBookAction.java
9,40,2,103,D:\project\workspace_me14\Anynote\src\action\PictureAction.java,157,D:\project\workspace_me14\Anynote\src\action\PictureAction.java
9,40,3,55,D:\project\workspace_me14\Anynote\src\action\SettingAction.java,70,D:\project\workspace_me14\Anynote\src\action\PictureAction.java,85,D:\project\workspace_me14\Anynote\src\action\PictureAction.java
8,40,2,154,D:\project\workspace_me14\Anynote\src\action\TodoAction.java,244,D:\project\workspace_me14\Anynote\src\action\TodoAction.java
10,40,2,151,D:\project\workspace_me14\Anynote\src\action\TodoAction.java,201,D:\project\workspace_me14\Anynote\src\action\PictureAction.java
9,40,2,94,D:\project\workspace_me14\Anynote\src\action\TodoAction.java,113,D:\project\workspace_me14\Anynote\src\action\TodoAction.java
8,40,2,87,D:\project\workspace_me14\Anynote\src\action\TodoCategoryAction.java,106,D:\project\workspace_me14\Anynote\src\action\NoteCategoryAction.java
9,40,2,73,D:\project\workspace_me14\Anynote\src\action\TodoCategoryAction.java,94,D:\project\workspace_me14\Anynote\src\action\TodoAction.java
9,40,2,52,D:\project\workspace_me14\Anynote\src\action\TodoCategoryAction.java,81,D:\project\workspace_me14\Anynote\src\action\NoteAction.java
9,40,2,173,D:\project\workspace_me14\Anynote\src\action\UserAction.java,106,D:\project\workspace_me14\Anynote\src\action\NoteCategoryAction.java
9,40,2,155,D:\project\workspace_me14\Anynote\src\action\UserAction.java,94,D:\project\workspace_me14\Anynote\src\action\TodoAction.java
9,40,2,83,D:\project\workspace_me14\Anynote\src\action\UserMetaAction.java,173,D:\project\workspace_me14\Anynote\src\action\UserAction.java
8,40,2,69,D:\project\workspace_me14\Anynote\src\action\UserMetaAction.java,55,D:\project\workspace_me14\Anynote\src\action\SettingAction.java
9,40,2,52,D:\project\workspace_me14\Anynote\src\action\UserMetaAction.java,94,D:\project\workspace_me14\Anynote\src\action\TodoAction.java
9,40,2,30,D:\project\workspace_me14\Anynote\src\action\UserMetaAction.java,81,D:\project\workspace_me14\Anynote\src\action\NoteAction.java
8,40,2,42,D:\project\workspace_me14\Anynote\src\global\VerifyCode.java,82,D:\project\workspace_me14\Anynote\src\global\VerifyCode.java
6,39,3,30,D:\project\workspace_me14\Anynote\src\action\AccountAction.java,67,D:\project\workspace_me14\Anynote\src\action\AccountAction.java,238,D:\project\workspace_me14\Anynote\src\action\AccountAction.java
7,39,2,91,D:\project\workspace_me14\Anynote\src\action\AccountBookAction.java,228,D:\project\workspace_me14\Anynote\src\action\AccountAction.java
7,39,2,79,D:\project\workspace_me14\Anynote\src\action\AccountBookAction.java,308,D:\project\workspace_me14\Anynote\src\action\AccountAction.java
7,39,2,106,D:\project\workspace_me14\Anynote\src\action\AccountCategoryAction.java,322,D:\project\workspace_me14\Anynote\src\action\AccountAction.java
7,39,2,95,D:\project\workspace_me14\Anynote\src\action\AccountCategoryAction.java,308,D:\project\workspace_me14\Anynote\src\action\AccountAction.java
8,39,2,71,D:\project\workspace_me14\Anynote\src\action\AlbumAction.java,91,D:\project\workspace_me14\Anynote\src\action\AccountBookAction.java
7,39,2,56,D:\project\workspace_me14\Anynote\src\action\AlbumAction.java,308,D:\project\workspace_me14\Anynote\src\action\AccountAction.java
8,39,2,53,D:\project\workspace_me14\Anynote\src\action\AlbumAction.java,71,D:\project\workspace_me14\Anynote\src\action\AlbumAction.java
7,39,2,205,D:\project\workspace_me14\Anynote\src\action\DocumentAction.java,308,D:\project\workspace_me14\Anynote\src\action\AccountAction.java
8,39,2,202,D:\project\workspace_me14\Anynote\src\action\DocumentAction.java,91,D:\project\workspace_me14\Anynote\src\action\AccountBookAction.java
7,39,2,187,D:\project\workspace_me14\Anynote\src\action\DocumentAction.java,308,D:\project\workspace_me14\Anynote\src\action\AccountAction.java
8,39,2,184,D:\project\workspace_me14\Anynote\src\action\DocumentAction.java,71,D:\project\workspace_me14\Anynote\src\action\AlbumAction.java
8,39,2,117,D:\project\workspace_me14\Anynote\src\action\DocumentAction.java,33,D:\project\workspace_me14\Anynote\src\action\AlbumAction.java
7,39,2,94,D:\project\workspace_me14\Anynote\src\action\FeedAction.java,308,D:\project\workspace_me14\Anynote\src\action\AccountAction.java
8,39,2,91,D:\project\workspace_me14\Anynote\src\action\FeedAction.java,71,D:\project\workspace_me14\Anynote\src\action\AlbumAction.java
7,39,2,76,D:\project\workspace_me14\Anynote\src\action\FeedAction.java,308,D:\project\workspace_me14\Anynote\src\action\AccountAction.java
8,39,2,73,D:\project\workspace_me14\Anynote\src\action\FeedAction.java,71,D:\project\workspace_me14\Anynote\src\action\AlbumAction.java
8,39,2,54,D:\project\workspace_me14\Anynote\src\action\FeedAction.java,117,D:\project\workspace_me14\Anynote\src\action\DocumentAction.java
8,39,2,41,D:\project\workspace_me14\Anynote\src\action\FileUploadAction.java,72,D:\project\workspace_me14\Anynote\src\action\AlbumAction.java
9,39,2,39,D:\project\workspace_me14\Anynote\src\action\FileUploadAction.java,252,D:\project\workspace_me14\Anynote\src\action\DocumentAction.java
7,39,2,53,D:\project\workspace_me14\Anynote\src\action\LoginAction.java,76,D:\project\workspace_me14\Anynote\src\action\FeedAction.java
7,39,3,111,D:\project\workspace_me14\Anynote\src\action\NoteAction.java,128,D:\project\workspace_me14\Anynote\src\action\NoteAction.java,165,D:\project\workspace_me14\Anynote\src\action\NoteAction.java
8,39,2,107,D:\project\workspace_me14\Anynote\src\action\NoteCategoryAction.java,41,D:\project\workspace_me14\Anynote\src\action\FileUploadAction.java
8,39,2,106,D:\project\workspace_me14\Anynote\src\action\NoteCategoryAction.java,73,D:\project\workspace_me14\Anynote\src\action\FeedAction.java
7,39,2,93,D:\project\workspace_me14\Anynote\src\action\NoteCategoryAction.java,53,D:\project\workspace_me14\Anynote\src\action\LoginAction.java
8,39,2,90,D:\project\workspace_me14\Anynote\src\action\NoteCategoryAction.java,106,D:\project\workspace_me14\Anynote\src\action\NoteCategoryAction.java
8,39,2,204,D:\project\workspace_me14\Anynote\src\action\PictureAction.java,107,D:\project\workspace_me14\Anynote\src\action\NoteCategoryAction.java
9,39,2,155,D:\project\workspace_me14\Anynote\src\action\PictureAction.java,202,D:\project\workspace_me14\Anynote\src\action\PictureAction.java
8,39,2,102,D:\project\workspace_me14\Anynote\src\action\PictureAction.java,106,D:\project\workspace_me14\Anynote\src\action\NoteCategoryAction.java
7,39,2,46,D:\project\workspace_me14\Anynote\src\action\SettingAction.java,56,D:\project\workspace_me14\Anynote\src\action\SettingAction.java
8,39,2,43,D:\project\workspace_me14\Anynote\src\action\SettingAction.java,106,D:\project\workspace_me14\Anynote\src\action\NoteCategoryAction.java
6,39,2,340,D:\project\workspace_me14\Anynote\src\action\TodoAction.java,61,D:\project\workspace_me14\Anynote\src\action\NoteCategoryAction.java
7,39,2,295,D:\project\workspace_me14\Anynote\src\action\TodoAction.java,56,D:\project\workspace_me14\Anynote\src\action\SettingAction.java
8,39,2,293,D:\project\workspace_me14\Anynote\src\action\TodoAction.java,106,D:\project\workspace_me14\Anynote\src\action\NoteCategoryAction.java
7,39,2,245,D:\project\workspace_me14\Anynote\src\action\TodoAction.java,56,D:\project\workspace_me14\Anynote\src\action\SettingAction.java
8,39,2,243,D:\project\workspace_me14\Anynote\src\action\TodoAction.java,106,D:\project\workspace_me14\Anynote\src\action\NoteCategoryAction.java
7,39,2,162,D:\project\workspace_me14\Anynote\src\action\TodoAction.java,318,D:\project\workspace_me14\Anynote\src\action\TodoAction.java
7,39,2,130,D:\project\workspace_me14\Anynote\src\action\TodoAction.java,56,D:\project\workspace_me14\Anynote\src\action\SettingAction.java
8,39,2,127,D:\project\workspace_me14\Anynote\src\action\TodoAction.java,106,D:\project\workspace_me14\Anynote\src\action\NoteCategoryAction.java
7,39,2,115,D:\project\workspace_me14\Anynote\src\action\TodoAction.java,56,D:\project\workspace_me14\Anynote\src\action\SettingAction.java
8,39,2,112,D:\project\workspace_me14\Anynote\src\action\TodoAction.java,106,D:\project\workspace_me14\Anynote\src\action\NoteCategoryAction.java
7,39,2,96,D:\project\workspace_me14\Anynote\src\action\TodoAction.java,56,D:\project\workspace_me14\Anynote\src\action\SettingAction.java
9,39,2,92,D:\project\workspace_me14\Anynote\src\action\TodoAction.java,202,D:\project\workspace_me14\Anynote\src\action\PictureAction.java
6,39,2,51,D:\project\workspace_me14\Anynote\src\action\TodoAction.java,340,D:\project\workspace_me14\Anynote\src\action\TodoAction.java
6,39,2,36,D:\project\workspace_me14\Anynote\src\action\TodoAction.java,162,D:\project\workspace_me14\Anynote\src\action\TodoAction.java
8,39,2,87,D:\project\workspace_me14\Anynote\src\action\TodoCategoryAction.java,112,D:\project\workspace_me14\Anynote\src\action\TodoAction.java
7,39,2,75,D:\project\workspace_me14\Anynote\src\action\TodoCategoryAction.java,56,D:\project\workspace_me14\Anynote\src\action\SettingAction.java
8,39,2,72,D:\project\workspace_me14\Anynote\src\action\TodoCategoryAction.java,87,D:\project\workspace_me14\Anynote\src\action\TodoCategoryAction.java
8,39,2,174,D:\project\workspace_me14\Anynote\src\action\UserAction.java,204,D:\project\workspace_me14\Anynote\src\action\PictureAction.java
8,39,2,173,D:\project\workspace_me14\Anynote\src\action\UserAction.java,72,D:\project\workspace_me14\Anynote\src\action\TodoCategoryAction.java
7,39,2,157,D:\project\workspace_me14\Anynote\src\action\UserAction.java,56,D:\project\workspace_me14\Anynote\src\action\SettingAction.java
8,39,2,154,D:\project\workspace_me14\Anynote\src\action\UserAction.java,173,D:\project\workspace_me14\Anynote\src\action\UserAction.java
8,39,2,84,D:\project\workspace_me14\Anynote\src\action\UserMetaAction.java,204,D:\project\workspace_me14\Anynote\src\action\PictureAction.java
8,39,2,83,D:\project\workspace_me14\Anynote\src\action\UserMetaAction.java,154,D:\project\workspace_me14\Anynote\src\action\UserAction.java
7,39,2,54,D:\project\workspace_me14\Anynote\src\action\UserMetaAction.java,71,D:\project\workspace_me14\Anynote\src\action\UserMetaAction.java
8,39,2,51,D:\project\workspace_me14\Anynote\src\action\UserMetaAction.java,83,D:\project\workspace_me14\Anynote\src\action\UserMetaAction.java
6,39,2,68,D:\project\workspace_me14\Anynote\src\com\sxkl\sign\in\action\SignInAction.java,51,D:\project\workspace_me14\Anynote\src\action\TodoAction.java
4,39,2,39,D:\project\workspace_me14\Anynote\src\global\VerifyCode.java,49,D:\project\workspace_me14\Anynote\src\global\VerifyCode.java
9,39,2,147,D:\project\workspace_me14\Anynote\src\util\DateUtils.java,165,D:\project\workspace_me14\Anynote\src\util\DateUtils.java
8,39,2,250,D:\project\workspace_me14\Anynote\src\util\ImageUtils.java,322,D:\project\workspace_me14\Anynote\src\util\ImageUtils.java
5,39,2,81,D:\project\workspace_me14\Anynote\src\util\ServletHelp.java,54,D:\project\workspace_me14\Anynote\src\service\impl\UserMetaServiceImpl.java
7,38,2,77,D:\project\workspace_me14\Anynote\src\action\AccountBookAction.java,92,D:\project\workspace_me14\Anynote\src\action\AccountBookAction.java
7,38,2,108,D:\project\workspace_me14\Anynote\src\action\AccountCategoryAction.java,230,D:\project\workspace_me14\Anynote\src\action\AccountAction.java
6,38,2,106,D:\project\workspace_me14\Anynote\src\action\AccountCategoryAction.java,214,D:\project\workspace_me14\Anynote\src\action\AccountAction.java
7,38,2,93,D:\project\workspace_me14\Anynote\src\action\AccountCategoryAction.java,92,D:\project\workspace_me14\Anynote\src\action\AccountBookAction.java
9,38,2,64,D:\project\workspace_me14\Anynote\src\action\AccountCategoryAction.java,50,D:\project\workspace_me14\Anynote\src\action\AccountBookAction.java
8,38,2,64,D:\project\workspace_me14\Anynote\src\action\AccountCategoryAction.java,95,D:\project\workspace_me14\Anynote\src\action\AccountAction.java
6,38,2,74,D:\project\workspace_me14\Anynote\src\action\AlbumAction.java,108,D:\project\workspace_me14\Anynote\src\action\AccountCategoryAction.java
6,38,2,254,D:\project\workspace_me14\Anynote\src\action\DocumentAction.java,229,D:\project\workspace_me14\Anynote\src\action\AccountAction.java
8,38,2,58,D:\project\workspace_me14\Anynote\src\action\FeedFavoriteAction.java,64,D:\project\workspace_me14\Anynote\src\action\AccountCategoryAction.java
6,38,2,43,D:\project\workspace_me14\Anynote\src\action\FileUploadAction.java,108,D:\project\workspace_me14\Anynote\src\action\AccountCategoryAction.java
7,38,2,41,D:\project\workspace_me14\Anynote\src\action\FileUploadAction.java,74,D:\project\workspace_me14\Anynote\src\action\FeedAction.java
7,38,2,51,D:\project\workspace_me14\Anynote\src\action\LoginAction.java,106,D:\project\workspace_me14\Anynote\src\action\AccountCategoryAction.java
8,38,2,81,D:\project\workspace_me14\Anynote\src\action\NoteAction.java,64,D:\project\workspace_me14\Anynote\src\action\AccountCategoryAction.java
6,38,2,109,D:\project\workspace_me14\Anynote\src\action\NoteCategoryAction.java,108,D:\project\workspace_me14\Anynote\src\action\AccountCategoryAction.java
7,38,2,91,D:\project\workspace_me14\Anynote\src\action\NoteCategoryAction.java,41,D:\project\workspace_me14\Anynote\src\action\FileUploadAction.java
6,38,2,206,D:\project\workspace_me14\Anynote\src\action\PictureAction.java,108,D:\project\workspace_me14\Anynote\src\action\AccountCategoryAction.java
7,38,2,157,D:\project\workspace_me14\Anynote\src\action\PictureAction.java,92,D:\project\workspace_me14\Anynote\src\action\AccountBookAction.java
6,38,2,55,D:\project\workspace_me14\Anynote\src\action\SettingAction.java,214,D:\project\workspace_me14\Anynote\src\action\AccountAction.java
7,38,2,113,D:\project\workspace_me14\Anynote\src\action\TodoAction.java,41,D:\project\workspace_me14\Anynote\src\action\FileUploadAction.java
9,38,2,53,D:\project\workspace_me14\Anynote\src\action\TodoAction.java,50,D:\project\workspace_me14\Anynote\src\action\AccountBookAction.java
8,38,2,53,D:\project\workspace_me14\Anynote\src\action\TodoAction.java,81,D:\project\workspace_me14\Anynote\src\action\NoteAction.java
7,38,2,73,D:\project\workspace_me14\Anynote\src\action\TodoCategoryAction.java,41,D:\project\workspace_me14\Anynote\src\action\FileUploadAction.java
6,38,2,176,D:\project\workspace_me14\Anynote\src\action\UserAction.java,108,D:\project\workspace_me14\Anynote\src\action\AccountCategoryAction.java
7,38,2,155,D:\project\workspace_me14\Anynote\src\action\UserAction.java,41,D:\project\workspace_me14\Anynote\src\action\FileUploadAction.java
6,38,2,86,D:\project\workspace_me14\Anynote\src\action\UserMetaAction.java,108,D:\project\workspace_me14\Anynote\src\action\AccountCategoryAction.java
7,38,2,84,D:\project\workspace_me14\Anynote\src\action\UserMetaAction.java,94,D:\project\workspace_me14\Anynote\src\action\TodoAction.java
9,38,2,72,D:\project\workspace_me14\Anynote\src\action\UserMetaAction.java,142,D:\project\workspace_me14\Anynote\src\action\UserAction.java
6,38,2,69,D:\project\workspace_me14\Anynote\src\action\UserMetaAction.java,214,D:\project\workspace_me14\Anynote\src\action\AccountAction.java
7,38,2,52,D:\project\workspace_me14\Anynote\src\action\UserMetaAction.java,204,D:\project\workspace_me14\Anynote\src\action\PictureAction.java
7,38,2,42,D:\project\workspace_me14\Anynote\src\global\VerifyCode.java,92,D:\project\workspace_me14\Anynote\src\global\VerifyCode.java
10,38,2,189,D:\project\workspace_me14\Anynote\src\service\impl\AccountServiceImpl.java,281,D:\project\workspace_me14\Anynote\src\service\impl\AccountServiceImpl.java
5,37,2,79,D:\project\workspace_me14\Anynote\src\action\AccountBookAction.java,215,D:\project\workspace_me14\Anynote\src\action\AccountAction.java
8,37,2,50,D:\project\workspace_me14\Anynote\src\action\AccountBookAction.java,95,D:\project\workspace_me14\Anynote\src\action\AccountAction.java
5,37,2,56,D:\project\workspace_me14\Anynote\src\action\AlbumAction.java,215,D:\project\workspace_me14\Anynote\src\action\AccountAction.java
8,37,2,33,D:\project\workspace_me14\Anynote\src\action\AlbumAction.java,64,D:\project\workspace_me14\Anynote\src\action\AccountCategoryAction.java
5,37,2,187,D:\project\workspace_me14\Anynote\src\action\DocumentAction.java,108,D:\project\workspace_me14\Anynote\src\action\AccountCategoryAction.java
8,37,2,117,D:\project\workspace_me14\Anynote\src\action\DocumentAction.java,64,D:\project\workspace_me14\Anynote\src\action\AccountCategoryAction.java
5,37,2,76,D:\project\workspace_me14\Anynote\src\action\FeedAction.java,108,D:\project\workspace_me14\Anynote\src\action\AccountCategoryAction.java
8,37,2,58,D:\project\workspace_me14\Anynote\src\action\FeedFavoriteAction.java,50,D:\project\workspace_me14\Anynote\src\action\AccountBookAction.java
5,37,2,53,D:\project\workspace_me14\Anynote\src\action\LoginAction.java,43,D:\project\workspace_me14\Anynote\src\action\FileUploadAction.java
8,37,2,226,D:\project\workspace_me14\Anynote\src\action\NoteAction.java,206,D:\project\workspace_me14\Anynote\src\action\DocumentAction.java
8,37,2,81,D:\project\workspace_me14\Anynote\src\action\NoteAction.java,117,D:\project\workspace_me14\Anynote\src\action\DocumentAction.java
5,37,2,93,D:\project\workspace_me14\Anynote\src\action\NoteCategoryAction.java,215,D:\project\workspace_me14\Anynote\src\action\AccountAction.java
8,37,2,71,D:\project\workspace_me14\Anynote\src\action\NoteCategoryAction.java,117,D:\project\workspace_me14\Anynote\src\action\DocumentAction.java
8,37,2,106,D:\project\workspace_me14\Anynote\src\action\PictureAction.java,226,D:\project\workspace_me14\Anynote\src\action\NoteAction.java
5,37,2,245,D:\project\workspace_me14\Anynote\src\action\TodoAction.java,323,D:\project\workspace_me14\Anynote\src\action\AccountAction.java
6,37,2,163,D:\project\workspace_me14\Anynote\src\action\TodoAction.java,176,D:\project\workspace_me14\Anynote\src\action\TodoAction.java
5,37,2,96,D:\project\workspace_me14\Anynote\src\action\TodoAction.java,108,D:\project\workspace_me14\Anynote\src\action\AccountCategoryAction.java
8,37,2,53,D:\project\workspace_me14\Anynote\src\action\TodoAction.java,71,D:\project\workspace_me14\Anynote\src\action\NoteCategoryAction.java
5,37,2,75,D:\project\workspace_me14\Anynote\src\action\TodoCategoryAction.java,323,D:\project\workspace_me14\Anynote\src\action\AccountAction.java
8,37,2,52,D:\project\workspace_me14\Anynote\src\action\TodoCategoryAction.java,53,D:\project\workspace_me14\Anynote\src\action\TodoAction.java
5,37,2,157,D:\project\workspace_me14\Anynote\src\action\UserAction.java,215,D:\project\workspace_me14\Anynote\src\action\AccountAction.java
8,37,2,78,D:\project\workspace_me14\Anynote\src\action\UserAction.java,52,D:\project\workspace_me14\Anynote\src\action\TodoCategoryAction.java
5,37,2,54,D:\project\workspace_me14\Anynote\src\action\UserMetaAction.java,108,D:\project\workspace_me14\Anynote\src\action\AccountCategoryAction.java
8,37,2,30,D:\project\workspace_me14\Anynote\src\action\UserMetaAction.java,78,D:\project\workspace_me14\Anynote\src\action\UserAction.java
8,37,2,105,D:\project\workspace_me14\Anynote\src\util\DateUtils.java,123,D:\project\workspace_me14\Anynote\src\util\DateUtils.java
10,36,2,36,D:\project\workspace_me14\Anynote\src\action\AccountCategoryAction.java,34,D:\project\workspace_me14\Anynote\src\action\AccountBookAction.java
7,36,2,82,D:\project\workspace_me14\Anynote\src\action\FeedAction.java,235,D:\project\workspace_me14\Anynote\src\action\FeedAction.java
7,36,2,25,D:\project\workspace_me14\Anynote\src\action\FileUploadAction.java,208,D:\project\workspace_me14\Anynote\src\action\FeedAction.java
10,36,2,37,D:\project\workspace_me14\Anynote\src\action\TodoCategoryAction.java,37,D:\project\workspace_me14\Anynote\src\action\NoteCategoryAction.java
3,35,2,266,D:\project\workspace_me14\Anynote\src\service\impl\AccountServiceImpl.java,277,D:\project\workspace_me14\Anynote\src\service\impl\AccountServiceImpl.java
5,35,2,16,D:\project\workspace_me14\Anynote\src\service\impl\TodoServiceImpl.java,17,D:\project\workspace_me14\Anynote\src\service\impl\AccountServiceImpl.java
8,34,2,80,D:\project\workspace_me14\Anynote\src\action\DocumentAction.java,106,D:\project\workspace_me14\Anynote\src\action\DocumentAction.java
5,34,2,170,D:\project\workspace_me14\Anynote\src\service\impl\UserServiceImpl.java,246,D:\project\workspace_me14\Anynote\src\service\impl\UserServiceImpl.java
6,33,3,38,D:\project\workspace_me14\Anynote\src\action\AccountAction.java,253,D:\project\workspace_me14\Anynote\src\action\AccountAction.java,283,D:\project\workspace_me14\Anynote\src\action\AccountAction.java
7,33,2,187,D:\project\workspace_me14\Anynote\src\action\DocumentAction.java,61,D:\project\workspace_me14\Anynote\src\action\AccountAction.java
8,33,2,81,D:\project\workspace_me14\Anynote\src\action\DocumentAction.java,170,D:\project\workspace_me14\Anynote\src\action\DocumentAction.java
7,33,2,46,D:\project\workspace_me14\Anynote\src\action\SettingAction.java,61,D:\project\workspace_me14\Anynote\src\action\AccountAction.java
7,33,2,30,D:\project\workspace_me14\Anynote\src\action\SettingAction.java,81,D:\project\workspace_me14\Anynote\src\action\DocumentAction.java
7,33,2,54,D:\project\workspace_me14\Anynote\src\action\UserMetaAction.java,61,D:\project\workspace_me14\Anynote\src\action\AccountAction.java
7,33,2,78,D:\project\workspace_me14\Anynote\src\service\impl\UserServiceImpl.java,116,D:\project\workspace_me14\Anynote\src\service\impl\UserServiceImpl.java
5,32,2,137,D:\project\workspace_me14\Anynote\src\action\AccountBookAction.java,142,D:\project\workspace_me14\Anynote\src\action\AccountBookAction.java
6,32,2,108,D:\project\workspace_me14\Anynote\src\action\DocumentAction.java,188,D:\project\workspace_me14\Anynote\src\action\DocumentAction.java
6,32,2,87,D:\project\workspace_me14\Anynote\src\action\DocumentAction.java,122,D:\project\workspace_me14\Anynote\src\action\DocumentAction.java
6,32,2,82,D:\project\workspace_me14\Anynote\src\action\DocumentAction.java,188,D:\project\workspace_me14\Anynote\src\action\DocumentAction.java
6,32,2,70,D:\project\workspace_me14\Anynote\src\action\DocumentAction.java,122,D:\project\workspace_me14\Anynote\src\action\DocumentAction.java
6,32,2,106,D:\project\workspace_me14\Anynote\src\action\PictureAction.java,82,D:\project\workspace_me14\Anynote\src\action\DocumentAction.java
4,32,2,98,D:\project\workspace_me14\Anynote\src\action\PictureAction.java,172,D:\project\workspace_me14\Anynote\src\action\PictureAction.java
6,32,2,55,D:\project\workspace_me14\Anynote\src\action\UserMetaAction.java,31,D:\project\workspace_me14\Anynote\src\action\SettingAction.java
7,32,2,121,D:\project\workspace_me14\Anynote\src\service\impl\TodoServiceImpl.java,142,D:\project\workspace_me14\Anynote\src\service\impl\TodoServiceImpl.java
7,32,2,209,D:\project\workspace_me14\Anynote\src\service\impl\UserServiceImpl.java,394,D:\project\workspace_me14\Anynote\src\service\impl\UserServiceImpl.java
5,31,2,74,D:\project\workspace_me14\Anynote\src\action\AlbumAction.java,61,D:\project\workspace_me14\Anynote\src\action\AccountAction.java
5,31,2,87,D:\project\workspace_me14\Anynote\src\action\FeedAction.java,168,D:\project\workspace_me14\Anynote\src\action\FeedAction.java
5,31,2,206,D:\project\workspace_me14\Anynote\src\action\PictureAction.java,80,D:\project\workspace_me14\Anynote\src\action\NoteAction.java
5,31,2,132,D:\project\workspace_me14\Anynote\src\action\PictureAction.java,182,D:\project\workspace_me14\Anynote\src\action\PictureAction.java
5,31,2,86,D:\project\workspace_me14\Anynote\src\action\UserMetaAction.java,61,D:\project\workspace_me14\Anynote\src\action\AccountAction.java
3,31,2,329,D:\project\workspace_me14\Anynote\src\util\ImageUtils.java,335,D:\project\workspace_me14\Anynote\src\util\ImageUtils.java
6,30,3,50,D:\project\workspace_me14\Anynote\src\action\FeedAction.java,113,D:\project\workspace_me14\Anynote\src\action\DocumentAction.java,28,D:\project\workspace_me14\Anynote\src\action\AlbumAction.java
4,30,2,44,D:\project\workspace_me14\Anynote\src\action\FileUploadAction.java,82,D:\project\workspace_me14\Anynote\src\action\DocumentAction.java
5,30,2,90,D:\project\workspace_me14\Anynote\src\action\NoteAction.java,237,D:\project\workspace_me14\Anynote\src\action\NoteAction.java
4,30,2,207,D:\project\workspace_me14\Anynote\src\action\PictureAction.java,82,D:\project\workspace_me14\Anynote\src\action\DocumentAction.java
5,30,2,173,D:\project\workspace_me14\Anynote\src\action\PictureAction.java,64,D:\project\workspace_me14\Anynote\src\action\AlbumAction.java
4,30,2,87,D:\project\workspace_me14\Anynote\src\action\UserMetaAction.java,31,D:\project\workspace_me14\Anynote\src\action\SettingAction.java
6,30,2,333,D:\project\workspace_me14\Anynote\src\service\impl\UserServiceImpl.java,137,D:\project\workspace_me14\Anynote\src\action\UserAction.java
4,30,2,176,D:\project\workspace_me14\Anynote\src\service\impl\UserServiceImpl.java,286,D:\project\workspace_me14\Anynote\src\service\impl\UserServiceImpl.java
8,30,2,267,D:\project\workspace_me14\Anynote\src\util\DateUtils.java,299,D:\project\workspace_me14\Anynote\src\util\DateUtils.java
3,30,2,257,D:\project\workspace_me14\Anynote\src\util\ImageUtils.java,263,D:\project\workspace_me14\Anynote\src\util\ImageUtils.java
5,29,2,21,D:\project\workspace_me14\Anynote\src\action\FileUploadAction.java,193,D:\project\workspace_me14\Anynote\src\action\DocumentAction.java
3,29,2,99,D:\project\workspace_me14\Anynote\src\action\PictureAction.java,64,D:\project\workspace_me14\Anynote\src\action\AlbumAction.java
5,29,2,69,D:\project\workspace_me14\Anynote\src\action\UserMetaAction.java,373,D:\project\workspace_me14\Anynote\src\action\NoteAction.java
5,29,2,21,D:\project\workspace_me14\Anynote\src\service\UserService.java,8,D:\project\workspace_me14\Anynote\src\dao\UserDAO.java
4,29,2,150,D:\project\workspace_me14\Anynote\src\service\impl\TodoServiceImpl.java,172,D:\project\workspace_me14\Anynote\src\service\impl\TodoServiceImpl.java
9,29,2,47,D:\project\workspace_me14\Anynote\src\service\impl\TodoServiceImpl.java,65,D:\project\workspace_me14\Anynote\src\service\impl\TodoServiceImpl.java
2,29,2,38,D:\project\workspace_me14\Anynote\src\service\impl\TodoServiceImpl.java,61,D:\project\workspace_me14\Anynote\src\service\impl\TodoServiceImpl.java
7,29,2,236,D:\project\workspace_me14\Anynote\src\util\DateUtils.java,299,D:\project\workspace_me14\Anynote\src\util\DateUtils.java
3,28,2,45,D:\project\workspace_me14\Anynote\src\action\AccountAction.java,180,D:\project\workspace_me14\Anynote\src\action\AccountAction.java
7,28,2,39,D:\project\workspace_me14\Anynote\src\action\AccountCategoryAction.java,181,D:\project\workspace_me14\Anynote\src\action\AccountAction.java
2,28,2,273,D:\project\workspace_me14\Anynote\src\action\DocumentAction.java,298,D:\project\workspace_me14\Anynote\src\action\DocumentAction.java
2,28,2,271,D:\project\workspace_me14\Anynote\src\action\DocumentAction.java,292,D:\project\workspace_me14\Anynote\src\action\DocumentAction.java
2,28,2,196,D:\project\workspace_me14\Anynote\src\action\DocumentAction.java,218,D:\project\workspace_me14\Anynote\src\action\DocumentAction.java
6,28,2,208,D:\project\workspace_me14\Anynote\src\action\FeedAction.java,219,D:\project\workspace_me14\Anynote\src\action\DocumentAction.java
3,28,2,42,D:\project\workspace_me14\Anynote\src\action\FeedFavoriteAction.java,180,D:\project\workspace_me14\Anynote\src\action\AccountAction.java
6,28,2,25,D:\project\workspace_me14\Anynote\src\action\FeedFavoriteAction.java,28,D:\project\workspace_me14\Anynote\src\action\AccountAction.java
3,28,2,64,D:\project\workspace_me14\Anynote\src\action\NoteAction.java,180,D:\project\workspace_me14\Anynote\src\action\AccountAction.java
6,28,2,48,D:\project\workspace_me14\Anynote\src\action\NoteAction.java,25,D:\project\workspace_me14\Anynote\src\action\FeedFavoriteAction.java
3,28,2,93,D:\project\workspace_me14\Anynote\src\action\NoteCategoryAction.java,375,D:\project\workspace_me14\Anynote\src\action\NoteAction.java
6,28,2,44,D:\project\workspace_me14\Anynote\src\action\NoteCategoryAction.java,33,D:\project\workspace_me14\Anynote\src\action\DocumentAction.java
7,28,2,40,D:\project\workspace_me14\Anynote\src\action\NoteCategoryAction.java,181,D:\project\workspace_me14\Anynote\src\action\AccountAction.java
6,28,2,119,D:\project\workspace_me14\Anynote\src\action\PictureAction.java,208,D:\project\workspace_me14\Anynote\src\action\FeedAction.java
2,28,2,100,D:\project\workspace_me14\Anynote\src\action\PictureAction.java,118,D:\project\workspace_me14\Anynote\src\action\PictureAction.java
3,28,2,55,D:\project\workspace_me14\Anynote\src\action\PictureAction.java,180,D:\project\workspace_me14\Anynote\src\action\AccountAction.java
6,28,2,37,D:\project\workspace_me14\Anynote\src\action\PictureAction.java,44,D:\project\workspace_me14\Anynote\src\action\NoteCategoryAction.java
3,28,2,46,D:\project\workspace_me14\Anynote\src\action\SettingAction.java,375,D:\project\workspace_me14\Anynote\src\action\NoteAction.java
3,28,2,339,D:\project\workspace_me14\Anynote\src\action\TodoAction.java,180,D:\project\workspace_me14\Anynote\src\action\AccountAction.java
3,28,2,245,D:\project\workspace_me14\Anynote\src\action\TodoAction.java,375,D:\project\workspace_me14\Anynote\src\action\NoteAction.java
4,28,2,213,D:\project\workspace_me14\Anynote\src\action\TodoAction.java,278,D:\project\workspace_me14\Anynote\src\action\TodoAction.java
3,28,2,96,D:\project\workspace_me14\Anynote\src\action\TodoAction.java,375,D:\project\workspace_me14\Anynote\src\action\NoteAction.java
6,28,2,34,D:\project\workspace_me14\Anynote\src\action\TodoAction.java,48,D:\project\workspace_me14\Anynote\src\action\NoteAction.java
3,28,2,75,D:\project\workspace_me14\Anynote\src\action\TodoCategoryAction.java,375,D:\project\workspace_me14\Anynote\src\action\NoteAction.java
7,28,2,40,D:\project\workspace_me14\Anynote\src\action\TodoCategoryAction.java,181,D:\project\workspace_me14\Anynote\src\action\AccountAction.java
3,28,2,157,D:\project\workspace_me14\Anynote\src\action\UserAction.java,375,D:\project\workspace_me14\Anynote\src\action\NoteAction.java
3,28,2,54,D:\project\workspace_me14\Anynote\src\action\UserAction.java,180,D:\project\workspace_me14\Anynote\src\action\AccountAction.java
6,28,2,39,D:\project\workspace_me14\Anynote\src\action\UserAction.java,37,D:\project\workspace_me14\Anynote\src\action\PictureAction.java
3,28,2,54,D:\project\workspace_me14\Anynote\src\action\UserMetaAction.java,375,D:\project\workspace_me14\Anynote\src\action\NoteAction.java
3,28,2,67,D:\project\workspace_me14\Anynote\src\com\sxkl\sign\in\action\SignInAction.java,180,D:\project\workspace_me14\Anynote\src\action\AccountAction.java
11,28,2,25,D:\project\workspace_me14\Anynote\src\domain\AccountBook.java,49,D:\project\workspace_me14\Anynote\src\domain\Account.java
13,28,2,42,D:\project\workspace_me14\Anynote\src\domain\Note.java,29,D:\project\workspace_me14\Anynote\src\domain\FeedFavorite.java
11,28,2,30,D:\project\workspace_me14\Anynote\src\domain\Todo.java,41,D:\project\workspace_me14\Anynote\src\domain\Account.java
3,28,3,11,D:\project\workspace_me14\Anynote\src\global\beanUtils\StringConverter.java,11,D:\project\workspace_me14\Anynote\src\global\beanUtils\NumberConverter.java,13,D:\project\workspace_me14\Anynote\src\global\beanUtils\DateConverter.java
5,28,2,156,D:\project\workspace_me14\Anynote\src\service\impl\AccountServiceImpl.java,175,D:\project\workspace_me14\Anynote\src\service\impl\AccountServiceImpl.java
4,28,2,30,D:\project\workspace_me14\Anynote\src\service\impl\TodoServiceImpl.java,55,D:\project\workspace_me14\Anynote\src\service\impl\TodoServiceImpl.java
6,28,2,208,D:\project\workspace_me14\Anynote\src\service\impl\UserServiceImpl.java,333,D:\project\workspace_me14\Anynote\src\service\impl\UserServiceImpl.java
5,28,2,155,D:\project\workspace_me14\Anynote\src\util\FileUtils.java,251,D:\project\workspace_me14\Anynote\src\action\NoteAction.java
5,27,2,43,D:\project\workspace_me14\Anynote\src\action\AccountAction.java,86,D:\project\workspace_me14\Anynote\src\action\AccountAction.java
3,27,2,196,D:\project\workspace_me14\Anynote\src\action\DocumentAction.java,271,D:\project\workspace_me14\Anynote\src\action\DocumentAction.java
5,27,2,174,D:\project\workspace_me14\Anynote\src\action\PictureAction.java,239,D:\project\workspace_me14\Anynote\src\action\NoteAction.java
4,27,2,37,D:\project\workspace_me14\Anynote\src\action\TodoAction.java,176,D:\project\workspace_me14\Anynote\src\action\TodoAction.java
11,27,2,25,D:\project\workspace_me14\Anynote\src\domain\AccountCategory.java,57,D:\project\workspace_me14\Anynote\src\domain\Account.java
9,27,2,17,D:\project\workspace_me14\Anynote\src\domain\AccountCategory.java,43,D:\project\workspace_me14\Anynote\src\domain\Account.java
13,27,2,39,D:\project\workspace_me14\Anynote\src\domain\FeedFavorite.java,41,D:\project\workspace_me14\Anynote\src\domain\Document.java
11,27,2,21,D:\project\workspace_me14\Anynote\src\domain\FeedFavorite.java,21,D:\project\workspace_me14\Anynote\src\domain\Feed.java
11,27,2,26,D:\project\workspace_me14\Anynote\src\domain\NoteCategory.java,57,D:\project\workspace_me14\Anynote\src\domain\Account.java
9,27,2,18,D:\project\workspace_me14\Anynote\src\domain\NoteCategory.java,43,D:\project\workspace_me14\Anynote\src\domain\Account.java
13,27,2,49,D:\project\workspace_me14\Anynote\src\domain\Picture.java,51,D:\project\workspace_me14\Anynote\src\domain\Document.java
11,27,2,31,D:\project\workspace_me14\Anynote\src\domain\Picture.java,19,D:\project\workspace_me14\Anynote\src\domain\Album.java
11,27,2,25,D:\project\workspace_me14\Anynote\src\domain\TodoCategory.java,57,D:\project\workspace_me14\Anynote\src\domain\Account.java
9,27,2,17,D:\project\workspace_me14\Anynote\src\domain\TodoCategory.java,43,D:\project\workspace_me14\Anynote\src\domain\Account.java
11,27,2,29,D:\project\workspace_me14\Anynote\src\domain\UserMeta.java,26,D:\project\workspace_me14\Anynote\src\domain\User.java
8,27,2,30,D:\project\workspace_me14\Anynote\src\service\impl\AccountCategoryServiceImpl.java,40,D:\project\workspace_me14\Anynote\src\service\impl\AccountCategoryServiceImpl.java
3,27,2,104,D:\project\workspace_me14\Anynote\src\service\impl\DocumentServiceImpl.java,130,D:\project\workspace_me14\Anynote\src\service\impl\DocumentServiceImpl.java
8,27,2,41,D:\project\workspace_me14\Anynote\src\service\impl\NoteCategoryServiceImpl.java,63,D:\project\workspace_me14\Anynote\src\service\impl\NoteCategoryServiceImpl.java
5,27,2,334,D:\project\workspace_me14\Anynote\src\service\impl\UserServiceImpl.java,394,D:\project\workspace_me14\Anynote\src\service\impl\UserServiceImpl.java
7,27,3,147,D:\project\workspace_me14\Anynote\src\util\DateUtils.java,236,D:\project\workspace_me14\Anynote\src\util\DateUtils.java,267,D:\project\workspace_me14\Anynote\src\util\DateUtils.java
5,26,2,38,D:\project\workspace_me14\Anynote\src\action\AccountAction.java,175,D:\project\workspace_me14\Anynote\src\action\AccountAction.java
2,26,2,218,D:\project\workspace_me14\Anynote\src\action\DocumentAction.java,271,D:\project\workspace_me14\Anynote\src\action\DocumentAction.java
6,26,2,27,D:\project\workspace_me14\Anynote\src\action\LoginAction.java,211,D:\project\workspace_me14\Anynote\src\action\DocumentAction.java
2,26,3,239,D:\project\workspace_me14\Anynote\src\action\NoteAction.java,299,D:\project\workspace_me14\Anynote\src\action\NoteAction.java,24,D:\project\workspace_me14\Anynote\src\action\FileUploadAction.java
6,26,2,182,D:\project\workspace_me14\Anynote\src\action\NoteAction.java,100,D:\project\workspace_me14\Anynote\src\action\FeedAction.java
3,26,2,118,D:\project\workspace_me14\Anynote\src\action\PictureAction.java,92,D:\project\workspace_me14\Anynote\src\action\NoteAction.java
6,26,2,111,D:\project\workspace_me14\Anynote\src\action\PictureAction.java,27,D:\project\workspace_me14\Anynote\src\action\LoginAction.java
3,26,2,100,D:\project\workspace_me14\Anynote\src\action\PictureAction.java,92,D:\project\workspace_me14\Anynote\src\action\NoteAction.java
5,26,3,63,D:\project\workspace_me14\Anynote\src\action\PictureAction.java,78,D:\project\workspace_me14\Anynote\src\action\PictureAction.java,93,D:\project\workspace_me14\Anynote\src\action\PictureAction.java
9,26,2,17,D:\project\workspace_me14\Anynote\src\domain\AccountBook.java,35,D:\project\workspace_me14\Anynote\src\domain\Account.java
10,26,3,12,D:\project\workspace_me14\Anynote\src\domain\Feed.java,14,D:\project\workspace_me14\Anynote\src\domain\Document.java,10,D:\project\workspace_me14\Anynote\src\domain\Album.java
6,26,2,40,D:\project\workspace_me14\Anynote\src\service\impl\UserMetaServiceImpl.java,70,D:\project\workspace_me14\Anynote\src\service\impl\UserMetaServiceImpl.java
3,26,2,222,D:\project\workspace_me14\Anynote\src\service\impl\UserServiceImpl.java,232,D:\project\workspace_me14\Anynote\src\service\impl\UserServiceImpl.java
6,26,2,47,D:\project\workspace_me14\Anynote\src\util\DateUtils.java,208,D:\project\workspace_me14\Anynote\src\util\DateUtils.java
8,26,2,202,D:\project\workspace_me14\Anynote\src\util\ImageUtils.java,274,D:\project\workspace_me14\Anynote\src\util\ImageUtils.java
3,25,2,208,D:\project\workspace_me14\Anynote\src\action\AccountAction.java,220,D:\project\workspace_me14\Anynote\src\action\AccountAction.java
5,25,2,30,D:\project\workspace_me14\Anynote\src\action\AccountAction.java,100,D:\project\workspace_me14\Anynote\src\action\AccountAction.java
4,25,3,82,D:\project\workspace_me14\Anynote\src\action\FeedAction.java,163,D:\project\workspace_me14\Anynote\src\action\FeedAction.java,205,D:\project\workspace_me14\Anynote\src\action\FeedAction.java
5,25,2,40,D:\project\workspace_me14\Anynote\src\action\FeedFavoriteAction.java,86,D:\project\workspace_me14\Anynote\src\action\AccountAction.java
5,25,2,27,D:\project\workspace_me14\Anynote\src\action\FeedFavoriteAction.java,63,D:\project\workspace_me14\Anynote\src\action\FeedFavoriteAction.java
3,25,2,243,D:\project\workspace_me14\Anynote\src\action\NoteAction.java,304,D:\project\workspace_me14\Anynote\src\action\NoteAction.java
5,25,2,234,D:\project\workspace_me14\Anynote\src\action\NoteAction.java,40,D:\project\workspace_me14\Anynote\src\action\FeedFavoriteAction.java
4,25,2,111,D:\project\workspace_me14\Anynote\src\action\NoteAction.java,145,D:\project\workspace_me14\Anynote\src\action\NoteAction.java
4,25,2,86,D:\project\workspace_me14\Anynote\src\action\NoteAction.java,59,D:\project\workspace_me14\Anynote\src\action\LoginAction.java
4,25,2,62,D:\project\workspace_me14\Anynote\src\action\NoteAction.java,234,D:\project\workspace_me14\Anynote\src\action\NoteAction.java
5,25,2,46,D:\project\workspace_me14\Anynote\src\action\NoteCategoryAction.java,76,D:\project\workspace_me14\Anynote\src\action\NoteCategoryAction.java
4,25,2,337,D:\project\workspace_me14\Anynote\src\action\TodoAction.java,65,D:\project\workspace_me14\Anynote\src\action\SettingAction.java
2,25,2,216,D:\project\workspace_me14\Anynote\src\action\TodoAction.java,266,D:\project\workspace_me14\Anynote\src\action\TodoAction.java
4,25,2,121,D:\project\workspace_me14\Anynote\src\action\TodoAction.java,136,D:\project\workspace_me14\Anynote\src\action\TodoAction.java
4,25,2,147,D:\project\workspace_me14\Anynote\src\action\UserAction.java,163,D:\project\workspace_me14\Anynote\src\action\UserAction.java
4,25,2,62,D:\project\workspace_me14\Anynote\src\action\UserAction.java,111,D:\project\workspace_me14\Anynote\src\action\PictureAction.java
4,25,2,65,D:\project\workspace_me14\Anynote\src\com\sxkl\sign\in\action\SignInAction.java,65,D:\project\workspace_me14\Anynote\src\action\SettingAction.java
5,25,2,37,D:\project\workspace_me14\Anynote\src\com\sxkl\sign\in\action\SignInAction.java,53,D:\project\workspace_me14\Anynote\src\com\sxkl\sign\in\action\SignInAction.java
7,25,7,16,D:\project\workspace_me14\Anynote\src\global\security\SessionUtils.java,25,D:\project\workspace_me14\Anynote\src\global\security\SessionUtils.java,34,D:\project\workspace_me14\Anynote\src\global\security\SessionUtils.java,43,D:\project\workspace_me14\Anynote\src\global\security\SessionUtils.java,52,D:\project\workspace_me14\Anynote\src\global\security\SessionUtils.java,73,D:\project\workspace_me14\Anynote\src\global\security\SessionUtils.java,82,D:\project\workspace_me14\Anynote\src\global\security\SessionUtils.java
2,25,2,100,D:\project\workspace_me14\Anynote\src\service\impl\NoteServiceImpl.java,136,D:\project\workspace_me14\Anynote\src\service\impl\NoteServiceImpl.java
4,25,2,253,D:\project\workspace_me14\Anynote\src\util\DateUtils.java,318,D:\project\workspace_me14\Anynote\src\util\DateUtils.java
4,25,2,221,D:\project\workspace_me14\Anynote\src\util\DateUtils.java,285,D:\project\workspace_me14\Anynote\src\util\DateUtils.java
